,Base CV Avg,Base CV Std,PCA CV Avg,PCA CV Std,CV t-test,CV p-value,Base Ext Avg,Base Ext Std,PCA Ext Avg,PCA Ext Std,Ext t-test,Ext p-value,Base BAcc Avg,Base BAcc Std,PCA BAcc Avg,PCA BAcc Std,BAcc t-test,BAcc p-value,Base BSens Avg,Base BSens Std,PCA BSens Avg,PCA BSens Std,BSens t-test,BSens p-value,Base BSpec Avg,Base BSpec Std,PCA BSpec Avg,PCA BSpec Std,BSpec t-test,BSpec p-value
Accuracy,0.6981380000000001,0.05276128273649157,0.6886740000000001,0.05393571844334702,12.542655461559665,2.9786340878272174e-36,0.7954111553784856,0.10905181122361186,0.7083772908366529,0.12290596914435624,52.96626508085729,0.0,0.7963199203187246,0.09717574940671957,0.7461139442231072,0.10758124439090717,34.62979196168617,1.7759068156282372e-255,0.8416231075697207,0.06130628735708925,0.7993418326693222,0.07390284992773165,44.03101822102513,0.0,0.5712478087649399,0.18045280764348345,0.49079601593625455,0.16895362520631976,32.54340907270769,1.0759209464450048e-226
Sensitivity,0.7586219999999999,0.1414976364325567,0.719194,0.15457926886875872,18.81351763507532,1.404573350258771e-78,0.7771954285714271,0.17346006919055326,0.635519428571428,0.1997708145781667,53.547051092634675,0.0,0.7979719999999985,0.16026304357014762,0.7147851428571419,0.1806450267047021,34.445770373347976,7.633379016978577e-253,0.8796474285714266,0.1032706755477153,0.8100822857142843,0.12357548038146565,43.19373031885308,0.0,0.4337302857142855,0.2876444830723488,0.29477257142857133,0.27324021821041145,35.02347074153437,3.7711763692080633e-261
Specificity,0.6376539999999999,0.0711374464259155,0.6581539999999999,0.07778632453072969,-19.446914895656896,9.25947528835572e-84,0.8373552631578954,0.05325596574855865,0.8761421052631586,0.06915805715754401,-44.43372563134312,0.0,0.7925157894736847,0.0739316177269443,0.818252631578948,0.08895627890591395,-22.249488592100047,1.2992749431138092e-108,0.7540671052631583,0.07094455375439332,0.7746105263157899,0.07912939961642922,-19.32928483408127,8.792088326774612e-83,0.8879000000000007,0.07873020113423537,0.9421657894736851,0.08232727537142928,-47.63544523651393,0.0
