,Base CV Avg,Base CV Std,PCA CV Avg,PCA CV Std,CV t-test,CV p-value,Base Ext Avg,Base Ext Std,PCA Ext Avg,PCA Ext Std,Ext t-test,Ext p-value,Base BAcc Avg,Base BAcc Std,PCA BAcc Avg,PCA BAcc Std,BAcc t-test,BAcc p-value,Base BSens Avg,Base BSens Std,PCA BSens Avg,PCA BSens Std,BSens t-test,BSens p-value,Base BSpec Avg,Base BSpec Std,PCA BSpec Avg,PCA BSpec Std,BSpec t-test,BSpec p-value
Accuracy,0.8342000000000002,0.01908821626030051,0.8346000000000002,0.01774373128741531,-0.15271396390090125,0.43939009272167323,0.7901593625498003,0.01161619358471461,0.7905976095617525,0.011315302157681692,-0.2688944217528275,0.6058544501912241,0.7986852589641429,0.03290872828100564,0.7943426294820713,0.03092095500859428,0.9568683542066674,0.16990253980337872,0.8070119521912344,0.02594430141828679,0.805099601593625,0.030397544801980494,0.47612027764369297,0.3172632870424845,0.7786454183266927,0.040032684540194596,0.7676095617529876,0.03770808470854052,1.9966214789143193,0.023620504133246043
Sensitivity,0.8185999999999999,0.02874091160697583,0.8198000000000001,0.024737825288412042,-0.3148613841643077,0.37660290241341443,0.7274285714285704,0.016650059753523835,0.7280571428571418,0.016224848667575006,-0.26902110705986765,0.6059031275899,0.7385142857142849,0.04780313370310257,0.7326285714285706,0.04464678611282174,0.8953075952638719,0.18585742103980524,0.7520571428571418,0.03756589856098023,0.7498857142857134,0.044158194284288285,0.37266590352440265,0.3549029793099713,0.7087999999999994,0.058257247950580876,0.6921142857142851,0.0530554119265305,2.106973803000375,0.018194984993196717
Specificity,0.8497999999999998,0.025218247361781503,0.8493999999999999,0.027922034309842116,0.1057809131287834,0.4579321864639574,0.9346052631578959,0.0022445686985831624,0.9346052631578959,0.002244568698583163,0.0,0.5,0.9372368421052643,0.008497799943403987,0.9364473684210539,0.009126496386242048,0.6299155397147771,0.26473988394441555,0.9335526315789485,0.008399437720265622,0.9322368421052643,0.00937355713735201,1.040176529784654,0.14977075697668404,0.9394736842105275,0.007894736842105288,0.9414473684210537,0.009187000028795385,-1.6212089884005005,0.05330009424251311
