,Base CV Avg,Base CV Std,PCA CV Avg,PCA CV Std,CV t-test,CV p-value,Base Ext Avg,Base Ext Std,PCA Ext Avg,PCA Ext Std,Ext t-test,Ext p-value,Base BAcc Avg,Base BAcc Std,PCA BAcc Avg,PCA BAcc Std,BAcc t-test,BAcc p-value,Base BSens Avg,Base BSens Std,PCA BSens Avg,PCA BSens Std,BSens t-test,BSens p-value,Base BSpec Avg,Base BSpec Std,PCA BSpec Avg,PCA BSpec Std,BSpec t-test,BSpec p-value
Accuracy,0.8919791666666668,0.02445000479294432,0.8718804347826081,0.029604127519732418,5.208432074833055,2.45079015307006e-07,0.8933333333333315,0.016204641342897338,0.8821367521367501,0.021892524653243827,4.0901406039416965,3.2302869356952295e-05,0.892820512820511,0.017250141734927282,0.8767948717948699,0.023493043160115995,5.470836715705311,7.340150150705048e-08,0.8916239316239297,0.016852134823131762,0.8744444444444426,0.023389619347653684,5.929380477771155,7.60541450077903e-09,0.8927350427350408,0.01635697368290989,0.873632478632477,0.02397169264695326,6.549430577296288,3.1087566518020894e-10
Sensitivity,0.9103645833333331,0.03458776483906556,0.9265020112412526,0.03130672530998653,-3.4417562263101624,0.000353170867109179,0.9411303429559661,0.024444946877621013,0.9350273242618664,0.03264734597613341,1.4888925091599745,0.9308836655754925,0.4558424209191449,0.03964529341587292,0.4412472109139147,0.04032140033112492,2.5681375501953543,0.0054808576010155225,0.45383415764136054,0.03996495425915285,0.43056850244213,0.04080283088536765,4.053090876403439,3.630200329441662e-05,0.45644653549851383,0.03941116788799649,0.44943614262336246,0.04334177912121392,1.1906994011791108,0.11760496641564497
Specificity,0.6541927083333333,0.07650427828081967,0.7742672438672438,0.07423666790247935,-11.207355287881725,3.4405849369156114e-23,0.809146627520781,0.04469237254652514,0.7916739148037518,0.07032212004194605,2.0864913501125746,0.019223307594505978,1.6775686327874546,0.1342362970939883,1.6536505476498993,0.11223837200832525,1.3600781185402067,0.08770008910056937,1.6777043291626577,0.13215515852314952,1.6664744305094399,0.1196388442655147,0.62679735362547,0.265760602591532,1.6761795175724183,0.13283065381536888,1.6302510602905966,0.1089931137681492,2.659595998470082,0.004244455908347748
